domain,table,priority,purpose,read_write,partition,soft_delete
D01_SYSTEM_TENANT,feature_flags,P0,"Lưu dữ liệu nghiệp vụ cho feature flags; hỗ trợ audit, phân quyền tenant và mở rộng cấu hình theo project/organization.",High Read / Low Write,Không ở MVP; có thể partition theo tenant_id/created_at khi dữ liệu lớn.,"Có — dùng deleted_at, không hard delete dữ liệu nghiệp vụ."
D02_IDENTITY_AUTH,users,P0,Lưu tài khoản đăng nhập và trạng thái hệ thống của người dùng.,Balanced,Không ở MVP; có thể partition theo tenant_id/created_at khi dữ liệu lớn.,"Có — dùng deleted_at, không hard delete dữ liệu nghiệp vụ."
D02_IDENTITY_AUTH,user_profiles,P0,"Lưu dữ liệu nghiệp vụ cho user profiles; hỗ trợ audit, phân quyền tenant và mở rộng cấu hình theo project/organization.",Balanced,Không ở MVP; có thể partition theo tenant_id/created_at khi dữ liệu lớn.,"Có — dùng deleted_at, không hard delete dữ liệu nghiệp vụ."
D03_ORGANIZATION,organizations,P0,Lưu doanh nghiệp/không gian làm việc cấp tenant mà user tham gia.,Balanced,Không ở MVP; có thể partition theo tenant_id/created_at khi dữ liệu lớn.,"Có — dùng deleted_at, không hard delete dữ liệu nghiệp vụ."
D03_ORGANIZATION,organization_members,P0,"Lưu dữ liệu nghiệp vụ cho organization members; hỗ trợ audit, phân quyền tenant và mở rộng cấu hình theo project/organization.",Balanced,Không ở MVP; có thể partition theo tenant_id/created_at khi dữ liệu lớn.,"Có — dùng deleted_at, không hard delete dữ liệu nghiệp vụ."
D03_ORGANIZATION,organization_custom_fields,P1,"Lưu dữ liệu nghiệp vụ cho organization custom fields; hỗ trợ audit, phân quyền tenant và mở rộng cấu hình theo project/organization.",Balanced,Không ở MVP; có thể partition theo tenant_id/created_at khi dữ liệu lớn.,"Có — dùng deleted_at, không hard delete dữ liệu nghiệp vụ."
D04_PROJECT,projects,P0,"Lưu dự án outsource trong organization: thông tin, code, trạng thái, owner, ngày bắt đầu/kết thúc, progress và policy tổng.",Balanced,Không ở MVP; có thể partition theo tenant_id/created_at khi dữ liệu lớn.,"Có — dùng deleted_at, không hard delete dữ liệu nghiệp vụ."
D04_PROJECT,project_settings,P0,"Lưu dữ liệu nghiệp vụ cho project settings; hỗ trợ audit, phân quyền tenant và mở rộng cấu hình theo project/organization.",High Read / Low Write,Không ở MVP; có thể partition theo tenant_id/created_at khi dữ liệu lớn.,"Có — dùng deleted_at, không hard delete dữ liệu nghiệp vụ."
D04_PROJECT,project_members,P0,"Lưu dữ liệu nghiệp vụ cho project members; hỗ trợ audit, phân quyền tenant và mở rộng cấu hình theo project/organization.",Balanced,Không ở MVP; có thể partition theo tenant_id/created_at khi dữ liệu lớn.,"Có — dùng deleted_at, không hard delete dữ liệu nghiệp vụ."
D04_PROJECT,project_labels,P1,"Lưu dữ liệu nghiệp vụ cho project labels; hỗ trợ audit, phân quyền tenant và mở rộng cấu hình theo project/organization.",Balanced,Không ở MVP; có thể partition theo tenant_id/created_at khi dữ liệu lớn.,"Có — dùng deleted_at, không hard delete dữ liệu nghiệp vụ."
D04_PROJECT,project_custom_fields,P1,"Lưu dữ liệu nghiệp vụ cho project custom fields; hỗ trợ audit, phân quyền tenant và mở rộng cấu hình theo project/organization.",Balanced,Không ở MVP; có thể partition theo tenant_id/created_at khi dữ liệu lớn.,"Có — dùng deleted_at, không hard delete dữ liệu nghiệp vụ."
D04_PROJECT,project_template_tasks,P0,"Lưu dữ liệu nghiệp vụ cho project template tasks; hỗ trợ audit, phân quyền tenant và mở rộng cấu hình theo project/organization.",Balanced,Không ở MVP; có thể partition theo tenant_id/created_at khi dữ liệu lớn.,"Có — dùng deleted_at, không hard delete dữ liệu nghiệp vụ."
D04_PROJECT,project_status_reports,P1,"Lưu dữ liệu nghiệp vụ cho project status reports; hỗ trợ audit, phân quyền tenant và mở rộng cấu hình theo project/organization.",Balanced,Không ở MVP; có thể partition theo tenant_id/created_at khi dữ liệu lớn.,"Có — dùng deleted_at, không hard delete dữ liệu nghiệp vụ."
D05_TASK_WORKFLOW,tasks,P0,"Lưu thực thể công việc trung tâm: mô tả, trạng thái, priority, visibility, deadline, progress weight và liên kết project/sprint/parent task.",Balanced,Không ở MVP; có thể partition theo tenant_id/created_at khi dữ liệu lớn.,"Có — dùng deleted_at, không hard delete dữ liệu nghiệp vụ."
D05_TASK_WORKFLOW,task_assignments,P0,"Lưu dữ liệu nghiệp vụ cho task assignments; hỗ trợ audit, phân quyền tenant và mở rộng cấu hình theo project/organization.",Balanced,Không ở MVP; có thể partition theo tenant_id/created_at khi dữ liệu lớn.,"Có — dùng deleted_at, không hard delete dữ liệu nghiệp vụ."
D05_TASK_WORKFLOW,task_labels,P1,"Lưu dữ liệu nghiệp vụ cho task labels; hỗ trợ audit, phân quyền tenant và mở rộng cấu hình theo project/organization.",Balanced,Không ở MVP; có thể partition theo tenant_id/created_at khi dữ liệu lớn.,"Có — dùng deleted_at, không hard delete dữ liệu nghiệp vụ."
D05_TASK_WORKFLOW,task_checklists,P1,"Lưu dữ liệu nghiệp vụ cho task checklists; hỗ trợ audit, phân quyền tenant và mở rộng cấu hình theo project/organization.",Balanced,Không ở MVP; có thể partition theo tenant_id/created_at khi dữ liệu lớn.,"Có — dùng deleted_at, không hard delete dữ liệu nghiệp vụ."
D05_TASK_WORKFLOW,task_checklist_items,P1,"Lưu dữ liệu nghiệp vụ cho task checklist items; hỗ trợ audit, phân quyền tenant và mở rộng cấu hình theo project/organization.",Balanced,Không ở MVP; có thể partition theo tenant_id/created_at khi dữ liệu lớn.,"Có — dùng deleted_at, không hard delete dữ liệu nghiệp vụ."
D05_TASK_WORKFLOW,task_time_logs,P1,"Lưu dữ liệu nghiệp vụ cho task time logs; hỗ trợ audit, phân quyền tenant và mở rộng cấu hình theo project/organization.",High Write,Có — partition theo created_at tháng/quý; tenant_id là sub-filter bắt buộc.,"Có — dùng deleted_at, không hard delete dữ liệu nghiệp vụ."
D05_TASK_WORKFLOW,task_comments_count_cache,P1,"Lưu dữ liệu nghiệp vụ cho task comments count cache; hỗ trợ audit, phân quyền tenant và mở rộng cấu hình theo project/organization.",High Write,Không ở MVP; có thể partition theo tenant_id/created_at khi dữ liệu lớn.,"Có — dùng deleted_at, không hard delete dữ liệu nghiệp vụ."
D05_TASK_WORKFLOW,task_subtasks,P0,"Lưu dữ liệu nghiệp vụ cho task subtasks; hỗ trợ audit, phân quyền tenant và mở rộng cấu hình theo project/organization.",Balanced,Không ở MVP; có thể partition theo tenant_id/created_at khi dữ liệu lớn.,"Có — dùng deleted_at, không hard delete dữ liệu nghiệp vụ."
D05_TASK_WORKFLOW,workflow_definitions,P1,"Lưu dữ liệu nghiệp vụ cho workflow definitions; hỗ trợ audit, phân quyền tenant và mở rộng cấu hình theo project/organization.",Balanced,Không ở MVP; có thể partition theo tenant_id/created_at khi dữ liệu lớn.,"Có — dùng deleted_at, không hard delete dữ liệu nghiệp vụ."
D05_TASK_WORKFLOW,workflow_states,P1,"Lưu dữ liệu nghiệp vụ cho workflow states; hỗ trợ audit, phân quyền tenant và mở rộng cấu hình theo project/organization.",Balanced,Không ở MVP; có thể partition theo tenant_id/created_at khi dữ liệu lớn.,"Có — dùng deleted_at, không hard delete dữ liệu nghiệp vụ."
D05_TASK_WORKFLOW,workflow_transitions,P1,"Lưu dữ liệu nghiệp vụ cho workflow transitions; hỗ trợ audit, phân quyền tenant và mở rộng cấu hình theo project/organization.",Balanced,Không ở MVP; có thể partition theo tenant_id/created_at khi dữ liệu lớn.,"Có — dùng deleted_at, không hard delete dữ liệu nghiệp vụ."
D05_TASK_WORKFLOW,workflow_transition_conditions,P1,"Lưu dữ liệu nghiệp vụ cho workflow transition conditions; hỗ trợ audit, phân quyền tenant và mở rộng cấu hình theo project/organization.",Balanced,Không ở MVP; có thể partition theo tenant_id/created_at khi dữ liệu lớn.,"Có — dùng deleted_at, không hard delete dữ liệu nghiệp vụ."
D05_TASK_WORKFLOW,workflow_transition_actions,P1,"Lưu dữ liệu nghiệp vụ cho workflow transition actions; hỗ trợ audit, phân quyền tenant và mở rộng cấu hình theo project/organization.",Balanced,Không ở MVP; có thể partition theo tenant_id/created_at khi dữ liệu lớn.,"Có — dùng deleted_at, không hard delete dữ liệu nghiệp vụ."
D05_TASK_WORKFLOW,task_workflow_states,P1,"Lưu dữ liệu nghiệp vụ cho task workflow states; hỗ trợ audit, phân quyền tenant và mở rộng cấu hình theo project/organization.",Balanced,Không ở MVP; có thể partition theo tenant_id/created_at khi dữ liệu lớn.,"Có — dùng deleted_at, không hard delete dữ liệu nghiệp vụ."
D05_TASK_WORKFLOW,task_status_change_requests,P0,"Lưu yêu cầu chuyển trạng thái của assignee, đặc biệt khi cần PM/reviewer duyệt.",Balanced,Không ở MVP; có thể partition theo tenant_id/created_at khi dữ liệu lớn.,"Có — dùng deleted_at, không hard delete dữ liệu nghiệp vụ."
D05_TASK_WORKFLOW,task_status_change_approvals,P1,"Lưu dữ liệu nghiệp vụ cho task status change approvals; hỗ trợ audit, phân quyền tenant và mở rộng cấu hình theo project/organization.",Balanced,Không ở MVP; có thể partition theo tenant_id/created_at khi dữ liệu lớn.,"Có — dùng deleted_at, không hard delete dữ liệu nghiệp vụ."
D05_TASK_WORKFLOW,task_review_cycles,P1,"Lưu dữ liệu nghiệp vụ cho task review cycles; hỗ trợ audit, phân quyền tenant và mở rộng cấu hình theo project/organization.",Balanced,Không ở MVP; có thể partition theo tenant_id/created_at khi dữ liệu lớn.,"Có — dùng deleted_at, không hard delete dữ liệu nghiệp vụ."
D05_TASK_WORKFLOW,task_review_feedbacks,P1,"Lưu dữ liệu nghiệp vụ cho task review feedbacks; hỗ trợ audit, phân quyền tenant và mở rộng cấu hình theo project/organization.",Balanced,Không ở MVP; có thể partition theo tenant_id/created_at khi dữ liệu lớn.,"Có — dùng deleted_at, không hard delete dữ liệu nghiệp vụ."
D06_EVIDENCE_APPROVAL_DEPENDENCY,task_evidences,P0,"Lưu bằng chứng hoàn thành task: link PR, file, ảnh, URL deploy, mô tả kết quả.",Balanced,Không ở MVP; có thể partition theo tenant_id/created_at khi dữ liệu lớn.,"Có — dùng deleted_at, không hard delete dữ liệu nghiệp vụ."
D06_EVIDENCE_APPROVAL_DEPENDENCY,task_evidence_reviews,P1,"Lưu dữ liệu nghiệp vụ cho task evidence reviews; hỗ trợ audit, phân quyền tenant và mở rộng cấu hình theo project/organization.",Balanced,Không ở MVP; có thể partition theo tenant_id/created_at khi dữ liệu lớn.,"Có — dùng deleted_at, không hard delete dữ liệu nghiệp vụ."
D06_EVIDENCE_APPROVAL_DEPENDENCY,task_evidence_review_comments,P1,"Lưu dữ liệu nghiệp vụ cho task evidence review comments; hỗ trợ audit, phân quyền tenant và mở rộng cấu hình theo project/organization.",Balanced,Không ở MVP; có thể partition theo tenant_id/created_at khi dữ liệu lớn.,"Có — dùng deleted_at, không hard delete dữ liệu nghiệp vụ."
D06_EVIDENCE_APPROVAL_DEPENDENCY,evidence_approval_audit_logs,P0,"Lưu dữ liệu nghiệp vụ cho evidence approval audit logs; hỗ trợ audit, phân quyền tenant và mở rộng cấu hình theo project/organization.",High Write,Có — partition theo created_at tháng/quý; tenant_id là sub-filter bắt buộc.,"Không — log/audit immutable, chỉ archive theo retention policy."
D06_EVIDENCE_APPROVAL_DEPENDENCY,task_dependencies,P0,"Lưu dữ liệu nghiệp vụ cho task dependencies; hỗ trợ audit, phân quyền tenant và mở rộng cấu hình theo project/organization.",Balanced,Không ở MVP; có thể partition theo tenant_id/created_at khi dữ liệu lớn.,"Có — dùng deleted_at, không hard delete dữ liệu nghiệp vụ."
D07_KANBAN_SPRINT_TIMELINE,kanban_columns,P0,"Lưu dữ liệu nghiệp vụ cho kanban columns; hỗ trợ audit, phân quyền tenant và mở rộng cấu hình theo project/organization.",Balanced,Không ở MVP; có thể partition theo tenant_id/created_at khi dữ liệu lớn.,"Có — dùng deleted_at, không hard delete dữ liệu nghiệp vụ."
D07_KANBAN_SPRINT_TIMELINE,sprints,P0,"Lưu dữ liệu nghiệp vụ cho sprints; hỗ trợ audit, phân quyền tenant và mở rộng cấu hình theo project/organization.",Balanced,Không ở MVP; có thể partition theo tenant_id/created_at khi dữ liệu lớn.,"Có — dùng deleted_at, không hard delete dữ liệu nghiệp vụ."
D07_KANBAN_SPRINT_TIMELINE,sprint_tasks,P0,"Lưu dữ liệu nghiệp vụ cho sprint tasks; hỗ trợ audit, phân quyền tenant và mở rộng cấu hình theo project/organization.",Balanced,Không ở MVP; có thể partition theo tenant_id/created_at khi dữ liệu lớn.,"Có — dùng deleted_at, không hard delete dữ liệu nghiệp vụ."
D07_KANBAN_SPRINT_TIMELINE,sprint_review_notes,P1,"Lưu dữ liệu nghiệp vụ cho sprint review notes; hỗ trợ audit, phân quyền tenant và mở rộng cấu hình theo project/organization.",Balanced,Không ở MVP; có thể partition theo tenant_id/created_at khi dữ liệu lớn.,"Có — dùng deleted_at, không hard delete dữ liệu nghiệp vụ."
D08_COMMENT_CHAT_REALTIME,comments,P1,"Lưu dữ liệu nghiệp vụ cho comments; hỗ trợ audit, phân quyền tenant và mở rộng cấu hình theo project/organization.",Balanced,Không ở MVP; có thể partition theo tenant_id/created_at khi dữ liệu lớn.,"Có — dùng deleted_at, không hard delete dữ liệu nghiệp vụ."
D08_COMMENT_CHAT_REALTIME,chat_rooms,P0,"Lưu dữ liệu nghiệp vụ cho chat rooms; hỗ trợ audit, phân quyền tenant và mở rộng cấu hình theo project/organization.",Balanced,Không ở MVP; có thể partition theo tenant_id/created_at khi dữ liệu lớn.,"Có — dùng deleted_at, không hard delete dữ liệu nghiệp vụ."
D08_COMMENT_CHAT_REALTIME,chat_messages,P0,"Lưu nội dung tin nhắn Mini Zalo, dùng làm nguồn tạo task/action item nếu được xác nhận.",High Write,Có — partition theo created_at tháng/quý; tenant_id là sub-filter bắt buộc.,"Có — dùng deleted_at, không hard delete dữ liệu nghiệp vụ."
D09_MEETING_WIKI_FILE,meetings,P1,"Lưu dữ liệu nghiệp vụ cho meetings; hỗ trợ audit, phân quyền tenant và mở rộng cấu hình theo project/organization.",Balanced,Không ở MVP; có thể partition theo tenant_id/created_at khi dữ liệu lớn.,"Có — dùng deleted_at, không hard delete dữ liệu nghiệp vụ."
D09_MEETING_WIKI_FILE,meeting_participants,P1,"Lưu dữ liệu nghiệp vụ cho meeting participants; hỗ trợ audit, phân quyền tenant và mở rộng cấu hình theo project/organization.",Balanced,Không ở MVP; có thể partition theo tenant_id/created_at khi dữ liệu lớn.,"Có — dùng deleted_at, không hard delete dữ liệu nghiệp vụ."
D09_MEETING_WIKI_FILE,meeting_agendas,P1,"Lưu dữ liệu nghiệp vụ cho meeting agendas; hỗ trợ audit, phân quyền tenant và mở rộng cấu hình theo project/organization.",Balanced,Không ở MVP; có thể partition theo tenant_id/created_at khi dữ liệu lớn.,"Có — dùng deleted_at, không hard delete dữ liệu nghiệp vụ."
D09_MEETING_WIKI_FILE,meeting_agenda_items,P1,"Lưu dữ liệu nghiệp vụ cho meeting agenda items; hỗ trợ audit, phân quyền tenant và mở rộng cấu hình theo project/organization.",Balanced,Không ở MVP; có thể partition theo tenant_id/created_at khi dữ liệu lớn.,"Có — dùng deleted_at, không hard delete dữ liệu nghiệp vụ."
D09_MEETING_WIKI_FILE,meeting_notes,P1,"Lưu dữ liệu nghiệp vụ cho meeting notes; hỗ trợ audit, phân quyền tenant và mở rộng cấu hình theo project/organization.",Balanced,Không ở MVP; có thể partition theo tenant_id/created_at khi dữ liệu lớn.,"Có — dùng deleted_at, không hard delete dữ liệu nghiệp vụ."
D09_MEETING_WIKI_FILE,meeting_note_sections,P1,"Lưu dữ liệu nghiệp vụ cho meeting note sections; hỗ trợ audit, phân quyền tenant và mở rộng cấu hình theo project/organization.",Balanced,Không ở MVP; có thể partition theo tenant_id/created_at khi dữ liệu lớn.,"Có — dùng deleted_at, không hard delete dữ liệu nghiệp vụ."
D09_MEETING_WIKI_FILE,meeting_action_items,P1,"Lưu dữ liệu nghiệp vụ cho meeting action items; hỗ trợ audit, phân quyền tenant và mở rộng cấu hình theo project/organization.",Balanced,Không ở MVP; có thể partition theo tenant_id/created_at khi dữ liệu lớn.,"Có — dùng deleted_at, không hard delete dữ liệu nghiệp vụ."
D09_MEETING_WIKI_FILE,meeting_recordings,P1,"Lưu dữ liệu nghiệp vụ cho meeting recordings; hỗ trợ audit, phân quyền tenant và mở rộng cấu hình theo project/organization.",Balanced,Không ở MVP; có thể partition theo tenant_id/created_at khi dữ liệu lớn.,"Có — dùng deleted_at, không hard delete dữ liệu nghiệp vụ."
D09_MEETING_WIKI_FILE,meeting_ai_summaries,P1,"Lưu dữ liệu nghiệp vụ cho meeting ai summaries; hỗ trợ audit, phân quyền tenant và mở rộng cấu hình theo project/organization.",Balanced,Không ở MVP; có thể partition theo tenant_id/created_at khi dữ liệu lớn.,"Có — dùng deleted_at, không hard delete dữ liệu nghiệp vụ."
D09_MEETING_WIKI_FILE,meeting_transcripts,P1,"Lưu dữ liệu nghiệp vụ cho meeting transcripts; hỗ trợ audit, phân quyền tenant và mở rộng cấu hình theo project/organization.",Balanced,Không ở MVP; có thể partition theo tenant_id/created_at khi dữ liệu lớn.,"Có — dùng deleted_at, không hard delete dữ liệu nghiệp vụ."
D09_MEETING_WIKI_FILE,wiki_pages,P0,Lưu metadata trang wiki; nội dung dài và version được tách riêng để dễ audit và rollback.,Balanced,Không ở MVP; có thể partition theo tenant_id/created_at khi dữ liệu lớn.,"Có — dùng deleted_at, không hard delete dữ liệu nghiệp vụ."
D09_MEETING_WIKI_FILE,wiki_page_comments,P1,"Lưu dữ liệu nghiệp vụ cho wiki page comments; hỗ trợ audit, phân quyền tenant và mở rộng cấu hình theo project/organization.",Balanced,Không ở MVP; có thể partition theo tenant_id/created_at khi dữ liệu lớn.,"Có — dùng deleted_at, không hard delete dữ liệu nghiệp vụ."
D09_MEETING_WIKI_FILE,files,P0,"Lưu dữ liệu nghiệp vụ cho files; hỗ trợ audit, phân quyền tenant và mở rộng cấu hình theo project/organization.",Balanced,Không ở MVP; có thể partition theo tenant_id/created_at khi dữ liệu lớn.,"Có — dùng deleted_at, không hard delete dữ liệu nghiệp vụ."
D10_NOTIFICATION_WEBHOOK_INTEGRATION,notifications,P0,"Lưu dữ liệu nghiệp vụ cho notifications; hỗ trợ audit, phân quyền tenant và mở rộng cấu hình theo project/organization.",Balanced,Không ở MVP; có thể partition theo tenant_id/created_at khi dữ liệu lớn.,"Có — dùng deleted_at, không hard delete dữ liệu nghiệp vụ."
D10_NOTIFICATION_WEBHOOK_INTEGRATION,webhooks,P1,"Lưu dữ liệu nghiệp vụ cho webhooks; hỗ trợ audit, phân quyền tenant và mở rộng cấu hình theo project/organization.",Balanced,Không ở MVP; có thể partition theo tenant_id/created_at khi dữ liệu lớn.,"Có — dùng deleted_at, không hard delete dữ liệu nghiệp vụ."
D10_NOTIFICATION_WEBHOOK_INTEGRATION,webhook_events,P1,"Lưu dữ liệu nghiệp vụ cho webhook events; hỗ trợ audit, phân quyền tenant và mở rộng cấu hình theo project/organization.",Balanced,Không ở MVP; có thể partition theo tenant_id/created_at khi dữ liệu lớn.,"Có — dùng deleted_at, không hard delete dữ liệu nghiệp vụ."
D10_NOTIFICATION_WEBHOOK_INTEGRATION,webhook_deliveries,P1,"Lưu dữ liệu nghiệp vụ cho webhook deliveries; hỗ trợ audit, phân quyền tenant và mở rộng cấu hình theo project/organization.",Balanced,Không ở MVP; có thể partition theo tenant_id/created_at khi dữ liệu lớn.,"Không — log/audit immutable, chỉ archive theo retention policy."
D10_NOTIFICATION_WEBHOOK_INTEGRATION,webhook_delivery_retries,P1,"Lưu dữ liệu nghiệp vụ cho webhook delivery retries; hỗ trợ audit, phân quyền tenant và mở rộng cấu hình theo project/organization.",High Write,Có — partition theo created_at tháng/quý; tenant_id là sub-filter bắt buộc.,"Có — dùng deleted_at, không hard delete dữ liệu nghiệp vụ."
D10_NOTIFICATION_WEBHOOK_INTEGRATION,webhook_secrets,P1,"Lưu dữ liệu nghiệp vụ cho webhook secrets; hỗ trợ audit, phân quyền tenant và mở rộng cấu hình theo project/organization.",Balanced,Không ở MVP; có thể partition theo tenant_id/created_at khi dữ liệu lớn.,"Có — dùng deleted_at, không hard delete dữ liệu nghiệp vụ."
D10_NOTIFICATION_WEBHOOK_INTEGRATION,webhook_ip_whitelist,P1,"Lưu dữ liệu nghiệp vụ cho webhook ip whitelist; hỗ trợ audit, phân quyền tenant và mở rộng cấu hình theo project/organization.",Balanced,Không ở MVP; có thể partition theo tenant_id/created_at khi dữ liệu lớn.,"Có — dùng deleted_at, không hard delete dữ liệu nghiệp vụ."
D10_NOTIFICATION_WEBHOOK_INTEGRATION,integrations,P1,"Lưu dữ liệu nghiệp vụ cho integrations; hỗ trợ audit, phân quyền tenant và mở rộng cấu hình theo project/organization.",Balanced,Không ở MVP; có thể partition theo tenant_id/created_at khi dữ liệu lớn.,"Có — dùng deleted_at, không hard delete dữ liệu nghiệp vụ."
D10_NOTIFICATION_WEBHOOK_INTEGRATION,integration_configs,P1,"Lưu dữ liệu nghiệp vụ cho integration configs; hỗ trợ audit, phân quyền tenant và mở rộng cấu hình theo project/organization.",High Read / Low Write,Không ở MVP; có thể partition theo tenant_id/created_at khi dữ liệu lớn.,"Có — dùng deleted_at, không hard delete dữ liệu nghiệp vụ."
D10_NOTIFICATION_WEBHOOK_INTEGRATION,integration_sync_logs,P1,"Lưu dữ liệu nghiệp vụ cho integration sync logs; hỗ trợ audit, phân quyền tenant và mở rộng cấu hình theo project/organization.",High Write,Có — partition theo created_at tháng/quý; tenant_id là sub-filter bắt buộc.,"Có — dùng deleted_at, không hard delete dữ liệu nghiệp vụ."
D10_NOTIFICATION_WEBHOOK_INTEGRATION,integration_field_mappings,P1,"Lưu dữ liệu nghiệp vụ cho integration field mappings; hỗ trợ audit, phân quyền tenant và mở rộng cấu hình theo project/organization.",Balanced,Không ở MVP; có thể partition theo tenant_id/created_at khi dữ liệu lớn.,"Có — dùng deleted_at, không hard delete dữ liệu nghiệp vụ."
D11_AI_IMPORT,ai_knowledge_documents,P1,"Lưu dữ liệu nghiệp vụ cho ai knowledge documents; hỗ trợ audit, phân quyền tenant và mở rộng cấu hình theo project/organization.",Balanced,Không ở MVP; có thể partition theo tenant_id/created_at khi dữ liệu lớn.,"Có — dùng deleted_at, không hard delete dữ liệu nghiệp vụ."
D11_AI_IMPORT,ai_knowledge_chunks,P1,Lưu chunk tri thức được index vào Qdrant phục vụ RAG sau khi đã gắn quyền truy cập.,Balanced,Không ở MVP; có thể partition theo tenant_id/created_at khi dữ liệu lớn.,"Có — dùng deleted_at, không hard delete dữ liệu nghiệp vụ."
D11_AI_IMPORT,ai_knowledge_embeddings,P1,"Lưu dữ liệu nghiệp vụ cho ai knowledge embeddings; hỗ trợ audit, phân quyền tenant và mở rộng cấu hình theo project/organization.",Balanced,Không ở MVP; có thể partition theo tenant_id/created_at khi dữ liệu lớn.,"Có — dùng deleted_at, không hard delete dữ liệu nghiệp vụ."
D11_AI_IMPORT,ai_knowledge_sync_jobs,P1,"Lưu dữ liệu nghiệp vụ cho ai knowledge sync jobs; hỗ trợ audit, phân quyền tenant và mở rộng cấu hình theo project/organization.",Balanced,Không ở MVP; có thể partition theo tenant_id/created_at khi dữ liệu lớn.,"Có — dùng deleted_at, không hard delete dữ liệu nghiệp vụ."
D11_AI_IMPORT,ai_knowledge_permissions,P1,"Lưu dữ liệu nghiệp vụ cho ai knowledge permissions; hỗ trợ audit, phân quyền tenant và mở rộng cấu hình theo project/organization.",High Read / Low Write,Không ở MVP; có thể partition theo tenant_id/created_at khi dữ liệu lớn.,"Có — dùng deleted_at, không hard delete dữ liệu nghiệp vụ."
D11_AI_IMPORT,document_import_jobs,P1,Theo dõi pipeline import tài liệu PDF/DOCX/Markdown/CSV sang Wiki/Task backlog.,Balanced,Không ở MVP; có thể partition theo tenant_id/created_at khi dữ liệu lớn.,"Có — dùng deleted_at, không hard delete dữ liệu nghiệp vụ."
D11_AI_IMPORT,document_import_sources,P1,"Lưu dữ liệu nghiệp vụ cho document import sources; hỗ trợ audit, phân quyền tenant và mở rộng cấu hình theo project/organization.",Balanced,Không ở MVP; có thể partition theo tenant_id/created_at khi dữ liệu lớn.,"Có — dùng deleted_at, không hard delete dữ liệu nghiệp vụ."
D11_AI_IMPORT,document_draft_tasks,P0,"Lưu dữ liệu nghiệp vụ cho document draft tasks; hỗ trợ audit, phân quyền tenant và mở rộng cấu hình theo project/organization.",Balanced,Không ở MVP; có thể partition theo tenant_id/created_at khi dữ liệu lớn.,"Có — dùng deleted_at, không hard delete dữ liệu nghiệp vụ."
D11_AI_IMPORT,document_draft_task_reviews,P1,"Lưu dữ liệu nghiệp vụ cho document draft task reviews; hỗ trợ audit, phân quyền tenant và mở rộng cấu hình theo project/organization.",Balanced,Không ở MVP; có thể partition theo tenant_id/created_at khi dữ liệu lớn.,"Có — dùng deleted_at, không hard delete dữ liệu nghiệp vụ."
D11_AI_IMPORT,document_import_audit_logs,P0,"Lưu dữ liệu nghiệp vụ cho document import audit logs; hỗ trợ audit, phân quyền tenant và mở rộng cấu hình theo project/organization.",High Write,Có — partition theo created_at tháng/quý; tenant_id là sub-filter bắt buộc.,"Không — log/audit immutable, chỉ archive theo retention policy."
D11_AI_IMPORT,document_draft_wiki_pages,P0,"Lưu dữ liệu nghiệp vụ cho document draft wiki pages; hỗ trợ audit, phân quyền tenant và mở rộng cấu hình theo project/organization.",Balanced,Không ở MVP; có thể partition theo tenant_id/created_at khi dữ liệu lớn.,"Có — dùng deleted_at, không hard delete dữ liệu nghiệp vụ."
D12_AUDIT_ANALYTICS_REPORTING,audit_logs,P0,"Lưu dữ liệu nghiệp vụ cho audit logs; hỗ trợ audit, phân quyền tenant và mở rộng cấu hình theo project/organization.",High Write,Có — partition theo created_at tháng/quý; tenant_id là sub-filter bắt buộc.,"Không — log/audit immutable, chỉ archive theo retention policy."
D12_AUDIT_ANALYTICS_REPORTING,compliance_reports,P1,"Lưu dữ liệu nghiệp vụ cho compliance reports; hỗ trợ audit, phân quyền tenant và mở rộng cấu hình theo project/organization.",Balanced,Không ở MVP; có thể partition theo tenant_id/created_at khi dữ liệu lớn.,"Có — dùng deleted_at, không hard delete dữ liệu nghiệp vụ."
D12_AUDIT_ANALYTICS_REPORTING,project_analytics_snapshots,P1,"Lưu dữ liệu nghiệp vụ cho project analytics snapshots; hỗ trợ audit, phân quyền tenant và mở rộng cấu hình theo project/organization.",High Write,Có — partition theo created_at tháng/quý; tenant_id là sub-filter bắt buộc.,"Có — dùng deleted_at, không hard delete dữ liệu nghiệp vụ."
D12_AUDIT_ANALYTICS_REPORTING,task_analytics_snapshots,P1,"Lưu dữ liệu nghiệp vụ cho task analytics snapshots; hỗ trợ audit, phân quyền tenant và mở rộng cấu hình theo project/organization.",High Write,Có — partition theo created_at tháng/quý; tenant_id là sub-filter bắt buộc.,"Có — dùng deleted_at, không hard delete dữ liệu nghiệp vụ."
D12_AUDIT_ANALYTICS_REPORTING,sprint_analytics,P1,"Lưu dữ liệu nghiệp vụ cho sprint analytics; hỗ trợ audit, phân quyền tenant và mở rộng cấu hình theo project/organization.",High Write,Có — partition theo created_at tháng/quý; tenant_id là sub-filter bắt buộc.,"Có — dùng deleted_at, không hard delete dữ liệu nghiệp vụ."
D12_AUDIT_ANALYTICS_REPORTING,release_checklists,P1,"Lưu dữ liệu nghiệp vụ cho release checklists; hỗ trợ audit, phân quyền tenant và mở rộng cấu hình theo project/organization.",Balanced,Không ở MVP; có thể partition theo tenant_id/created_at khi dữ liệu lớn.,"Có — dùng deleted_at, không hard delete dữ liệu nghiệp vụ."
D01_SYSTEM_TENANT,system_settings,P2,"Lưu dữ liệu nghiệp vụ cho system settings; hỗ trợ audit, phân quyền tenant và mở rộng cấu hình theo project/organization.",High Read / Low Write,Không ở MVP; có thể partition theo tenant_id/created_at khi dữ liệu lớn.,"Có — dùng deleted_at, không hard delete dữ liệu nghiệp vụ."
D01_SYSTEM_TENANT,system_announcements,P2,"Lưu dữ liệu nghiệp vụ cho system announcements; hỗ trợ audit, phân quyền tenant và mở rộng cấu hình theo project/organization.",Balanced,Không ở MVP; có thể partition theo tenant_id/created_at khi dữ liệu lớn.,"Có — dùng deleted_at, không hard delete dữ liệu nghiệp vụ."
D01_SYSTEM_TENANT,maintenance_windows,P2,"Lưu dữ liệu nghiệp vụ cho maintenance windows; hỗ trợ audit, phân quyền tenant và mở rộng cấu hình theo project/organization.",Balanced,Không ở MVP; có thể partition theo tenant_id/created_at khi dữ liệu lớn.,"Có — dùng deleted_at, không hard delete dữ liệu nghiệp vụ."
D01_SYSTEM_TENANT,rate_limit_configs,P2,"Lưu dữ liệu nghiệp vụ cho rate limit configs; hỗ trợ audit, phân quyền tenant và mở rộng cấu hình theo project/organization.",High Read / Low Write,Không ở MVP; có thể partition theo tenant_id/created_at khi dữ liệu lớn.,"Có — dùng deleted_at, không hard delete dữ liệu nghiệp vụ."
D01_SYSTEM_TENANT,email_templates,P2,"Lưu dữ liệu nghiệp vụ cho email templates; hỗ trợ audit, phân quyền tenant và mở rộng cấu hình theo project/organization.",High Read / Low Write,Không ở MVP; có thể partition theo tenant_id/created_at khi dữ liệu lớn.,"Có — dùng deleted_at, không hard delete dữ liệu nghiệp vụ."
D01_SYSTEM_TENANT,email_template_versions,P2,"Lưu dữ liệu nghiệp vụ cho email template versions; hỗ trợ audit, phân quyền tenant và mở rộng cấu hình theo project/organization.",Balanced,Không ở MVP; có thể partition theo tenant_id/created_at khi dữ liệu lớn.,"Có — dùng deleted_at, không hard delete dữ liệu nghiệp vụ."
D01_SYSTEM_TENANT,system_health_logs,P2,"Lưu dữ liệu nghiệp vụ cho system health logs; hỗ trợ audit, phân quyền tenant và mở rộng cấu hình theo project/organization.",High Write,Có — partition theo created_at tháng/quý; tenant_id là sub-filter bắt buộc.,"Không — log/audit immutable, chỉ archive theo retention policy."
D01_SYSTEM_TENANT,tenants,P2,"Lưu dữ liệu nghiệp vụ cho tenants; hỗ trợ audit, phân quyền tenant và mở rộng cấu hình theo project/organization.",Balanced,Không ở MVP; có thể partition theo tenant_id/created_at khi dữ liệu lớn.,"Có — dùng deleted_at, không hard delete dữ liệu nghiệp vụ."
D01_SYSTEM_TENANT,tenant_settings,P2,"Lưu dữ liệu nghiệp vụ cho tenant settings; hỗ trợ audit, phân quyền tenant và mở rộng cấu hình theo project/organization.",High Read / Low Write,Không ở MVP; có thể partition theo tenant_id/created_at khi dữ liệu lớn.,"Có — dùng deleted_at, không hard delete dữ liệu nghiệp vụ."
D01_SYSTEM_TENANT,tenant_subscriptions,P2,"Lưu dữ liệu nghiệp vụ cho tenant subscriptions; hỗ trợ audit, phân quyền tenant và mở rộng cấu hình theo project/organization.",Balanced,Không ở MVP; có thể partition theo tenant_id/created_at khi dữ liệu lớn.,"Có — dùng deleted_at, không hard delete dữ liệu nghiệp vụ."
D01_SYSTEM_TENANT,tenant_subscription_plans,P2,"Lưu dữ liệu nghiệp vụ cho tenant subscription plans; hỗ trợ audit, phân quyền tenant và mở rộng cấu hình theo project/organization.",Balanced,Không ở MVP; có thể partition theo tenant_id/created_at khi dữ liệu lớn.,"Có — dùng deleted_at, không hard delete dữ liệu nghiệp vụ."
D01_SYSTEM_TENANT,tenant_billing_history,P2,"Lưu dữ liệu nghiệp vụ cho tenant billing history; hỗ trợ audit, phân quyền tenant và mở rộng cấu hình theo project/organization.",High Write,Có — partition theo created_at tháng/quý; tenant_id là sub-filter bắt buộc.,"Có — dùng deleted_at, không hard delete dữ liệu nghiệp vụ."
D01_SYSTEM_TENANT,tenant_feature_overrides,P2,"Lưu dữ liệu nghiệp vụ cho tenant feature overrides; hỗ trợ audit, phân quyền tenant và mở rộng cấu hình theo project/organization.",Balanced,Không ở MVP; có thể partition theo tenant_id/created_at khi dữ liệu lớn.,"Có — dùng deleted_at, không hard delete dữ liệu nghiệp vụ."
D01_SYSTEM_TENANT,tenant_storage_quotas,P2,"Lưu dữ liệu nghiệp vụ cho tenant storage quotas; hỗ trợ audit, phân quyền tenant và mở rộng cấu hình theo project/organization.",Balanced,Không ở MVP; có thể partition theo tenant_id/created_at khi dữ liệu lớn.,"Có — dùng deleted_at, không hard delete dữ liệu nghiệp vụ."
D01_SYSTEM_TENANT,tenant_security_policies,P2,"Lưu dữ liệu nghiệp vụ cho tenant security policies; hỗ trợ audit, phân quyền tenant và mở rộng cấu hình theo project/organization.",Balanced,Không ở MVP; có thể partition theo tenant_id/created_at khi dữ liệu lớn.,"Có — dùng deleted_at, không hard delete dữ liệu nghiệp vụ."
D02_IDENTITY_AUTH,user_preferences,P2,"Lưu dữ liệu nghiệp vụ cho user preferences; hỗ trợ audit, phân quyền tenant và mở rộng cấu hình theo project/organization.",Balanced,Không ở MVP; có thể partition theo tenant_id/created_at khi dữ liệu lớn.,"Có — dùng deleted_at, không hard delete dữ liệu nghiệp vụ."
D02_IDENTITY_AUTH,user_sessions,P2,"Lưu dữ liệu nghiệp vụ cho user sessions; hỗ trợ audit, phân quyền tenant và mở rộng cấu hình theo project/organization.",High Write,Có — partition theo created_at tháng/quý; tenant_id là sub-filter bắt buộc.,"Có — dùng deleted_at, không hard delete dữ liệu nghiệp vụ."
D02_IDENTITY_AUTH,user_refresh_tokens,P2,"Lưu dữ liệu nghiệp vụ cho user refresh tokens; hỗ trợ audit, phân quyền tenant và mở rộng cấu hình theo project/organization.",Balanced,Không ở MVP; có thể partition theo tenant_id/created_at khi dữ liệu lớn.,"Có — dùng deleted_at, không hard delete dữ liệu nghiệp vụ."
D02_IDENTITY_AUTH,user_password_history,P2,"Lưu dữ liệu nghiệp vụ cho user password history; hỗ trợ audit, phân quyền tenant và mở rộng cấu hình theo project/organization.",High Write,Có — partition theo created_at tháng/quý; tenant_id là sub-filter bắt buộc.,"Có — dùng deleted_at, không hard delete dữ liệu nghiệp vụ."
D02_IDENTITY_AUTH,user_mfa_configs,P2,"Lưu dữ liệu nghiệp vụ cho user mfa configs; hỗ trợ audit, phân quyền tenant và mở rộng cấu hình theo project/organization.",High Read / Low Write,Không ở MVP; có thể partition theo tenant_id/created_at khi dữ liệu lớn.,"Có — dùng deleted_at, không hard delete dữ liệu nghiệp vụ."
D02_IDENTITY_AUTH,user_mfa_backup_codes,P2,"Lưu dữ liệu nghiệp vụ cho user mfa backup codes; hỗ trợ audit, phân quyền tenant và mở rộng cấu hình theo project/organization.",Balanced,Không ở MVP; có thể partition theo tenant_id/created_at khi dữ liệu lớn.,"Có — dùng deleted_at, không hard delete dữ liệu nghiệp vụ."
D02_IDENTITY_AUTH,user_login_history,P2,"Lưu dữ liệu nghiệp vụ cho user login history; hỗ trợ audit, phân quyền tenant và mở rộng cấu hình theo project/organization.",High Write,Có — partition theo created_at tháng/quý; tenant_id là sub-filter bắt buộc.,"Không — log/audit immutable, chỉ archive theo retention policy."
D02_IDENTITY_AUTH,user_email_verifications,P2,"Lưu dữ liệu nghiệp vụ cho user email verifications; hỗ trợ audit, phân quyền tenant và mở rộng cấu hình theo project/organization.",Balanced,Không ở MVP; có thể partition theo tenant_id/created_at khi dữ liệu lớn.,"Có — dùng deleted_at, không hard delete dữ liệu nghiệp vụ."
D02_IDENTITY_AUTH,user_password_resets,P2,"Lưu dữ liệu nghiệp vụ cho user password resets; hỗ trợ audit, phân quyền tenant và mở rộng cấu hình theo project/organization.",Balanced,Không ở MVP; có thể partition theo tenant_id/created_at khi dữ liệu lớn.,"Có — dùng deleted_at, không hard delete dữ liệu nghiệp vụ."
D02_IDENTITY_AUTH,oauth_providers,P2,"Lưu dữ liệu nghiệp vụ cho oauth providers; hỗ trợ audit, phân quyền tenant và mở rộng cấu hình theo project/organization.",Balanced,Không ở MVP; có thể partition theo tenant_id/created_at khi dữ liệu lớn.,"Có — dùng deleted_at, không hard delete dữ liệu nghiệp vụ."
D02_IDENTITY_AUTH,oauth_connections,P2,"Lưu dữ liệu nghiệp vụ cho oauth connections; hỗ trợ audit, phân quyền tenant và mở rộng cấu hình theo project/organization.",Balanced,Không ở MVP; có thể partition theo tenant_id/created_at khi dữ liệu lớn.,"Có — dùng deleted_at, không hard delete dữ liệu nghiệp vụ."
D02_IDENTITY_AUTH,api_keys,P2,"Lưu dữ liệu nghiệp vụ cho api keys; hỗ trợ audit, phân quyền tenant và mở rộng cấu hình theo project/organization.",Balanced,Không ở MVP; có thể partition theo tenant_id/created_at khi dữ liệu lớn.,"Có — dùng deleted_at, không hard delete dữ liệu nghiệp vụ."
D02_IDENTITY_AUTH,api_key_permissions,P2,"Lưu dữ liệu nghiệp vụ cho api key permissions; hỗ trợ audit, phân quyền tenant và mở rộng cấu hình theo project/organization.",High Read / Low Write,Không ở MVP; có thể partition theo tenant_id/created_at khi dữ liệu lớn.,"Có — dùng deleted_at, không hard delete dữ liệu nghiệp vụ."
D02_IDENTITY_AUTH,user_devices,P2,"Lưu dữ liệu nghiệp vụ cho user devices; hỗ trợ audit, phân quyền tenant và mở rộng cấu hình theo project/organization.",Balanced,Không ở MVP; có thể partition theo tenant_id/created_at khi dữ liệu lớn.,"Có — dùng deleted_at, không hard delete dữ liệu nghiệp vụ."
D02_IDENTITY_AUTH,user_notification_tokens,P2,"Lưu dữ liệu nghiệp vụ cho user notification tokens; hỗ trợ audit, phân quyền tenant và mở rộng cấu hình theo project/organization.",Balanced,Không ở MVP; có thể partition theo tenant_id/created_at khi dữ liệu lớn.,"Có — dùng deleted_at, không hard delete dữ liệu nghiệp vụ."
D03_ORGANIZATION,organization_settings,P2,"Lưu dữ liệu nghiệp vụ cho organization settings; hỗ trợ audit, phân quyền tenant và mở rộng cấu hình theo project/organization.",High Read / Low Write,Không ở MVP; có thể partition theo tenant_id/created_at khi dữ liệu lớn.,"Có — dùng deleted_at, không hard delete dữ liệu nghiệp vụ."
D03_ORGANIZATION,organization_member_invitations,P2,"Lưu dữ liệu nghiệp vụ cho organization member invitations; hỗ trợ audit, phân quyền tenant và mở rộng cấu hình theo project/organization.",Balanced,Không ở MVP; có thể partition theo tenant_id/created_at khi dữ liệu lớn.,"Có — dùng deleted_at, không hard delete dữ liệu nghiệp vụ."
D03_ORGANIZATION,organization_roles,P2,"Lưu dữ liệu nghiệp vụ cho organization roles; hỗ trợ audit, phân quyền tenant và mở rộng cấu hình theo project/organization.",High Read / Low Write,Không ở MVP; có thể partition theo tenant_id/created_at khi dữ liệu lớn.,"Có — dùng deleted_at, không hard delete dữ liệu nghiệp vụ."
D03_ORGANIZATION,organization_role_permissions,P2,"Lưu dữ liệu nghiệp vụ cho organization role permissions; hỗ trợ audit, phân quyền tenant và mở rộng cấu hình theo project/organization.",High Read / Low Write,Không ở MVP; có thể partition theo tenant_id/created_at khi dữ liệu lớn.,"Có — dùng deleted_at, không hard delete dữ liệu nghiệp vụ."
D03_ORGANIZATION,organization_departments,P2,"Lưu dữ liệu nghiệp vụ cho organization departments; hỗ trợ audit, phân quyền tenant và mở rộng cấu hình theo project/organization.",Balanced,Không ở MVP; có thể partition theo tenant_id/created_at khi dữ liệu lớn.,"Có — dùng deleted_at, không hard delete dữ liệu nghiệp vụ."
D03_ORGANIZATION,organization_tags,P2,"Lưu dữ liệu nghiệp vụ cho organization tags; hỗ trợ audit, phân quyền tenant và mở rộng cấu hình theo project/organization.",Balanced,Không ở MVP; có thể partition theo tenant_id/created_at khi dữ liệu lớn.,"Có — dùng deleted_at, không hard delete dữ liệu nghiệp vụ."
D03_ORGANIZATION,organization_custom_field_values,P2,"Lưu dữ liệu nghiệp vụ cho organization custom field values; hỗ trợ audit, phân quyền tenant và mở rộng cấu hình theo project/organization.",Balanced,Không ở MVP; có thể partition theo tenant_id/created_at khi dữ liệu lớn.,"Có — dùng deleted_at, không hard delete dữ liệu nghiệp vụ."
D03_ORGANIZATION,organization_working_calendars,P2,"Lưu dữ liệu nghiệp vụ cho organization working calendars; hỗ trợ audit, phân quyền tenant và mở rộng cấu hình theo project/organization.",Balanced,Không ở MVP; có thể partition theo tenant_id/created_at khi dữ liệu lớn.,"Có — dùng deleted_at, không hard delete dữ liệu nghiệp vụ."
D03_ORGANIZATION,organization_holidays,P2,"Lưu dữ liệu nghiệp vụ cho organization holidays; hỗ trợ audit, phân quyền tenant và mở rộng cấu hình theo project/organization.",Balanced,Không ở MVP; có thể partition theo tenant_id/created_at khi dữ liệu lớn.,"Có — dùng deleted_at, không hard delete dữ liệu nghiệp vụ."
D04_PROJECT,project_member_roles,P2,"Lưu dữ liệu nghiệp vụ cho project member roles; hỗ trợ audit, phân quyền tenant và mở rộng cấu hình theo project/organization.",High Read / Low Write,Không ở MVP; có thể partition theo tenant_id/created_at khi dữ liệu lớn.,"Có — dùng deleted_at, không hard delete dữ liệu nghiệp vụ."
D04_PROJECT,project_invitations,P2,"Lưu dữ liệu nghiệp vụ cho project invitations; hỗ trợ audit, phân quyền tenant và mở rộng cấu hình theo project/organization.",Balanced,Không ở MVP; có thể partition theo tenant_id/created_at khi dữ liệu lớn.,"Có — dùng deleted_at, không hard delete dữ liệu nghiệp vụ."
D04_PROJECT,project_custom_field_values,P2,"Lưu dữ liệu nghiệp vụ cho project custom field values; hỗ trợ audit, phân quyền tenant và mở rộng cấu hình theo project/organization.",Balanced,Không ở MVP; có thể partition theo tenant_id/created_at khi dữ liệu lớn.,"Có — dùng deleted_at, không hard delete dữ liệu nghiệp vụ."
D04_PROJECT,project_templates,P2,"Lưu dữ liệu nghiệp vụ cho project templates; hỗ trợ audit, phân quyền tenant và mở rộng cấu hình theo project/organization.",High Read / Low Write,Không ở MVP; có thể partition theo tenant_id/created_at khi dữ liệu lớn.,"Có — dùng deleted_at, không hard delete dữ liệu nghiệp vụ."
D04_PROJECT,project_health_snapshots,P2,"Lưu dữ liệu nghiệp vụ cho project health snapshots; hỗ trợ audit, phân quyền tenant và mở rộng cấu hình theo project/organization.",High Write,Có — partition theo created_at tháng/quý; tenant_id là sub-filter bắt buộc.,"Có — dùng deleted_at, không hard delete dữ liệu nghiệp vụ."
D04_PROJECT,project_archived_reasons,P2,"Lưu dữ liệu nghiệp vụ cho project archived reasons; hỗ trợ audit, phân quyền tenant và mở rộng cấu hình theo project/organization.",Balanced,Không ở MVP; có thể partition theo tenant_id/created_at khi dữ liệu lớn.,"Có — dùng deleted_at, không hard delete dữ liệu nghiệp vụ."
D04_PROJECT,project_customer_access_policies,P2,"Lưu dữ liệu nghiệp vụ cho project customer access policies; hỗ trợ audit, phân quyền tenant và mở rộng cấu hình theo project/organization.",Balanced,Không ở MVP; có thể partition theo tenant_id/created_at khi dữ liệu lớn.,"Có — dùng deleted_at, không hard delete dữ liệu nghiệp vụ."
D04_PROJECT,project_source_links,P2,"Lưu dữ liệu nghiệp vụ cho project source links; hỗ trợ audit, phân quyền tenant và mở rộng cấu hình theo project/organization.",Balanced,Không ở MVP; có thể partition theo tenant_id/created_at khi dữ liệu lớn.,"Có — dùng deleted_at, không hard delete dữ liệu nghiệp vụ."
D04_PROJECT,project_change_requests,P2,"Lưu dữ liệu nghiệp vụ cho project change requests; hỗ trợ audit, phân quyền tenant và mở rộng cấu hình theo project/organization.",Balanced,Không ở MVP; có thể partition theo tenant_id/created_at khi dữ liệu lớn.,"Có — dùng deleted_at, không hard delete dữ liệu nghiệp vụ."
D04_PROJECT,project_decision_logs,P2,"Lưu dữ liệu nghiệp vụ cho project decision logs; hỗ trợ audit, phân quyền tenant và mở rộng cấu hình theo project/organization.",High Write,Có — partition theo created_at tháng/quý; tenant_id là sub-filter bắt buộc.,"Có — dùng deleted_at, không hard delete dữ liệu nghiệp vụ."
D05_TASK_WORKFLOW,task_watchers,P2,"Lưu dữ liệu nghiệp vụ cho task watchers; hỗ trợ audit, phân quyền tenant và mở rộng cấu hình theo project/organization.",Balanced,Không ở MVP; có thể partition theo tenant_id/created_at khi dữ liệu lớn.,"Có — dùng deleted_at, không hard delete dữ liệu nghiệp vụ."
D05_TASK_WORKFLOW,task_custom_field_values,P2,"Lưu dữ liệu nghiệp vụ cho task custom field values; hỗ trợ audit, phân quyền tenant và mở rộng cấu hình theo project/organization.",Balanced,Không ở MVP; có thể partition theo tenant_id/created_at khi dữ liệu lớn.,"Có — dùng deleted_at, không hard delete dữ liệu nghiệp vụ."
D05_TASK_WORKFLOW,task_estimated_times,P2,"Lưu dữ liệu nghiệp vụ cho task estimated times; hỗ trợ audit, phân quyền tenant và mở rộng cấu hình theo project/organization.",Balanced,Không ở MVP; có thể partition theo tenant_id/created_at khi dữ liệu lớn.,"Có — dùng deleted_at, không hard delete dữ liệu nghiệp vụ."
D05_TASK_WORKFLOW,task_actual_times,P2,"Lưu dữ liệu nghiệp vụ cho task actual times; hỗ trợ audit, phân quyền tenant và mở rộng cấu hình theo project/organization.",Balanced,Không ở MVP; có thể partition theo tenant_id/created_at khi dữ liệu lớn.,"Có — dùng deleted_at, không hard delete dữ liệu nghiệp vụ."
D05_TASK_WORKFLOW,task_activity_logs,P2,"Lưu dữ liệu nghiệp vụ cho task activity logs; hỗ trợ audit, phân quyền tenant và mở rộng cấu hình theo project/organization.",High Write,Có — partition theo created_at tháng/quý; tenant_id là sub-filter bắt buộc.,"Có — dùng deleted_at, không hard delete dữ liệu nghiệp vụ."
D06_EVIDENCE_APPROVAL_DEPENDENCY,task_evidence_attachments,P2,"Lưu dữ liệu nghiệp vụ cho task evidence attachments; hỗ trợ audit, phân quyền tenant và mở rộng cấu hình theo project/organization.",Balanced,Không ở MVP; có thể partition theo tenant_id/created_at khi dữ liệu lớn.,"Có — dùng deleted_at, không hard delete dữ liệu nghiệp vụ."
D06_EVIDENCE_APPROVAL_DEPENDENCY,task_dependency_types,P2,"Lưu dữ liệu nghiệp vụ cho task dependency types; hỗ trợ audit, phân quyền tenant và mở rộng cấu hình theo project/organization.",Balanced,Không ở MVP; có thể partition theo tenant_id/created_at khi dữ liệu lớn.,"Có — dùng deleted_at, không hard delete dữ liệu nghiệp vụ."
D06_EVIDENCE_APPROVAL_DEPENDENCY,dependency_impact_analysis,P2,"Lưu dữ liệu nghiệp vụ cho dependency impact analysis; hỗ trợ audit, phân quyền tenant và mở rộng cấu hình theo project/organization.",Balanced,Không ở MVP; có thể partition theo tenant_id/created_at khi dữ liệu lớn.,"Có — dùng deleted_at, không hard delete dữ liệu nghiệp vụ."
D06_EVIDENCE_APPROVAL_DEPENDENCY,task_blockers,P2,"Lưu dữ liệu nghiệp vụ cho task blockers; hỗ trợ audit, phân quyền tenant và mở rộng cấu hình theo project/organization.",Balanced,Không ở MVP; có thể partition theo tenant_id/created_at khi dữ liệu lớn.,"Có — dùng deleted_at, không hard delete dữ liệu nghiệp vụ."
D06_EVIDENCE_APPROVAL_DEPENDENCY,task_risk_flags,P2,"Lưu dữ liệu nghiệp vụ cho task risk flags; hỗ trợ audit, phân quyền tenant và mở rộng cấu hình theo project/organization.",High Read / Low Write,Không ở MVP; có thể partition theo tenant_id/created_at khi dữ liệu lớn.,"Có — dùng deleted_at, không hard delete dữ liệu nghiệp vụ."
D07_KANBAN_SPRINT_TIMELINE,kanban_boards,P2,"Lưu dữ liệu nghiệp vụ cho kanban boards; hỗ trợ audit, phân quyền tenant và mở rộng cấu hình theo project/organization.",Balanced,Không ở MVP; có thể partition theo tenant_id/created_at khi dữ liệu lớn.,"Có — dùng deleted_at, không hard delete dữ liệu nghiệp vụ."
D07_KANBAN_SPRINT_TIMELINE,kanban_column_limits,P2,"Lưu dữ liệu nghiệp vụ cho kanban column limits; hỗ trợ audit, phân quyền tenant và mở rộng cấu hình theo project/organization.",Balanced,Không ở MVP; có thể partition theo tenant_id/created_at khi dữ liệu lớn.,"Có — dùng deleted_at, không hard delete dữ liệu nghiệp vụ."
D07_KANBAN_SPRINT_TIMELINE,kanban_cards,P2,"Lưu dữ liệu nghiệp vụ cho kanban cards; hỗ trợ audit, phân quyền tenant và mở rộng cấu hình theo project/organization.",Balanced,Không ở MVP; có thể partition theo tenant_id/created_at khi dữ liệu lớn.,"Có — dùng deleted_at, không hard delete dữ liệu nghiệp vụ."
D07_KANBAN_SPRINT_TIMELINE,kanban_card_orders,P2,"Lưu dữ liệu nghiệp vụ cho kanban card orders; hỗ trợ audit, phân quyền tenant và mở rộng cấu hình theo project/organization.",Balanced,Không ở MVP; có thể partition theo tenant_id/created_at khi dữ liệu lớn.,"Có — dùng deleted_at, không hard delete dữ liệu nghiệp vụ."
D07_KANBAN_SPRINT_TIMELINE,kanban_swimlanes,P2,"Lưu dữ liệu nghiệp vụ cho kanban swimlanes; hỗ trợ audit, phân quyền tenant và mở rộng cấu hình theo project/organization.",Balanced,Không ở MVP; có thể partition theo tenant_id/created_at khi dữ liệu lớn.,"Có — dùng deleted_at, không hard delete dữ liệu nghiệp vụ."
D07_KANBAN_SPRINT_TIMELINE,kanban_filters,P2,"Lưu dữ liệu nghiệp vụ cho kanban filters; hỗ trợ audit, phân quyền tenant và mở rộng cấu hình theo project/organization.",Balanced,Không ở MVP; có thể partition theo tenant_id/created_at khi dữ liệu lớn.,"Có — dùng deleted_at, không hard delete dữ liệu nghiệp vụ."
D07_KANBAN_SPRINT_TIMELINE,kanban_saved_filters,P2,"Lưu dữ liệu nghiệp vụ cho kanban saved filters; hỗ trợ audit, phân quyền tenant và mở rộng cấu hình theo project/organization.",Balanced,Không ở MVP; có thể partition theo tenant_id/created_at khi dữ liệu lớn.,"Có — dùng deleted_at, không hard delete dữ liệu nghiệp vụ."
D07_KANBAN_SPRINT_TIMELINE,sprint_goals,P2,"Lưu dữ liệu nghiệp vụ cho sprint goals; hỗ trợ audit, phân quyền tenant và mở rộng cấu hình theo project/organization.",Balanced,Không ở MVP; có thể partition theo tenant_id/created_at khi dữ liệu lớn.,"Có — dùng deleted_at, không hard delete dữ liệu nghiệp vụ."
D07_KANBAN_SPRINT_TIMELINE,sprint_capacity_plans,P2,"Lưu dữ liệu nghiệp vụ cho sprint capacity plans; hỗ trợ audit, phân quyền tenant và mở rộng cấu hình theo project/organization.",Balanced,Không ở MVP; có thể partition theo tenant_id/created_at khi dữ liệu lớn.,"Có — dùng deleted_at, không hard delete dữ liệu nghiệp vụ."
D07_KANBAN_SPRINT_TIMELINE,sprint_member_capacities,P2,"Lưu dữ liệu nghiệp vụ cho sprint member capacities; hỗ trợ audit, phân quyền tenant và mở rộng cấu hình theo project/organization.",Balanced,Không ở MVP; có thể partition theo tenant_id/created_at khi dữ liệu lớn.,"Có — dùng deleted_at, không hard delete dữ liệu nghiệp vụ."
D07_KANBAN_SPRINT_TIMELINE,sprint_velocity_history,P2,"Lưu dữ liệu nghiệp vụ cho sprint velocity history; hỗ trợ audit, phân quyền tenant và mở rộng cấu hình theo project/organization.",High Write,Có — partition theo created_at tháng/quý; tenant_id là sub-filter bắt buộc.,"Có — dùng deleted_at, không hard delete dữ liệu nghiệp vụ."
D07_KANBAN_SPRINT_TIMELINE,sprint_retrospectives,P2,"Lưu dữ liệu nghiệp vụ cho sprint retrospectives; hỗ trợ audit, phân quyền tenant và mở rộng cấu hình theo project/organization.",Balanced,Không ở MVP; có thể partition theo tenant_id/created_at khi dữ liệu lớn.,"Có — dùng deleted_at, không hard delete dữ liệu nghiệp vụ."
D07_KANBAN_SPRINT_TIMELINE,timeline_views,P2,"Lưu dữ liệu nghiệp vụ cho timeline views; hỗ trợ audit, phân quyền tenant và mở rộng cấu hình theo project/organization.",Balanced,Không ở MVP; có thể partition theo tenant_id/created_at khi dữ liệu lớn.,"Có — dùng deleted_at, không hard delete dữ liệu nghiệp vụ."
D07_KANBAN_SPRINT_TIMELINE,timeline_milestones,P2,"Lưu dữ liệu nghiệp vụ cho timeline milestones; hỗ trợ audit, phân quyền tenant và mở rộng cấu hình theo project/organization.",Balanced,Không ở MVP; có thể partition theo tenant_id/created_at khi dữ liệu lớn.,"Có — dùng deleted_at, không hard delete dữ liệu nghiệp vụ."
D07_KANBAN_SPRINT_TIMELINE,timeline_baseline_snapshots,P2,"Lưu dữ liệu nghiệp vụ cho timeline baseline snapshots; hỗ trợ audit, phân quyền tenant và mở rộng cấu hình theo project/organization.",High Write,Có — partition theo created_at tháng/quý; tenant_id là sub-filter bắt buộc.,"Có — dùng deleted_at, không hard delete dữ liệu nghiệp vụ."
D07_KANBAN_SPRINT_TIMELINE,timeline_critical_paths,P2,"Lưu dữ liệu nghiệp vụ cho timeline critical paths; hỗ trợ audit, phân quyền tenant và mở rộng cấu hình theo project/organization.",Balanced,Không ở MVP; có thể partition theo tenant_id/created_at khi dữ liệu lớn.,"Có — dùng deleted_at, không hard delete dữ liệu nghiệp vụ."
D07_KANBAN_SPRINT_TIMELINE,timeline_buffer_times,P2,"Lưu dữ liệu nghiệp vụ cho timeline buffer times; hỗ trợ audit, phân quyền tenant và mở rộng cấu hình theo project/organization.",Balanced,Không ở MVP; có thể partition theo tenant_id/created_at khi dữ liệu lớn.,"Có — dùng deleted_at, không hard delete dữ liệu nghiệp vụ."
D08_COMMENT_CHAT_REALTIME,comment_reactions,P2,"Lưu dữ liệu nghiệp vụ cho comment reactions; hỗ trợ audit, phân quyền tenant và mở rộng cấu hình theo project/organization.",Balanced,Không ở MVP; có thể partition theo tenant_id/created_at khi dữ liệu lớn.,"Có — dùng deleted_at, không hard delete dữ liệu nghiệp vụ."
D08_COMMENT_CHAT_REALTIME,comment_mentions,P2,"Lưu dữ liệu nghiệp vụ cho comment mentions; hỗ trợ audit, phân quyền tenant và mở rộng cấu hình theo project/organization.",Balanced,Không ở MVP; có thể partition theo tenant_id/created_at khi dữ liệu lớn.,"Có — dùng deleted_at, không hard delete dữ liệu nghiệp vụ."
D08_COMMENT_CHAT_REALTIME,comment_attachments,P2,"Lưu dữ liệu nghiệp vụ cho comment attachments; hỗ trợ audit, phân quyền tenant và mở rộng cấu hình theo project/organization.",Balanced,Không ở MVP; có thể partition theo tenant_id/created_at khi dữ liệu lớn.,"Có — dùng deleted_at, không hard delete dữ liệu nghiệp vụ."
D08_COMMENT_CHAT_REALTIME,comment_edit_history,P2,"Lưu dữ liệu nghiệp vụ cho comment edit history; hỗ trợ audit, phân quyền tenant và mở rộng cấu hình theo project/organization.",High Write,Có — partition theo created_at tháng/quý; tenant_id là sub-filter bắt buộc.,"Có — dùng deleted_at, không hard delete dữ liệu nghiệp vụ."
D08_COMMENT_CHAT_REALTIME,chat_room_members,P2,"Lưu dữ liệu nghiệp vụ cho chat room members; hỗ trợ audit, phân quyền tenant và mở rộng cấu hình theo project/organization.",Balanced,Không ở MVP; có thể partition theo tenant_id/created_at khi dữ liệu lớn.,"Có — dùng deleted_at, không hard delete dữ liệu nghiệp vụ."
D08_COMMENT_CHAT_REALTIME,chat_room_settings,P2,"Lưu dữ liệu nghiệp vụ cho chat room settings; hỗ trợ audit, phân quyền tenant và mở rộng cấu hình theo project/organization.",High Read / Low Write,Không ở MVP; có thể partition theo tenant_id/created_at khi dữ liệu lớn.,"Có — dùng deleted_at, không hard delete dữ liệu nghiệp vụ."
D08_COMMENT_CHAT_REALTIME,chat_room_pinned_messages,P2,"Lưu dữ liệu nghiệp vụ cho chat room pinned messages; hỗ trợ audit, phân quyền tenant và mở rộng cấu hình theo project/organization.",High Write,Có — partition theo created_at tháng/quý; tenant_id là sub-filter bắt buộc.,"Có — dùng deleted_at, không hard delete dữ liệu nghiệp vụ."
D08_COMMENT_CHAT_REALTIME,chat_message_reactions,P2,"Lưu dữ liệu nghiệp vụ cho chat message reactions; hỗ trợ audit, phân quyền tenant và mở rộng cấu hình theo project/organization.",Balanced,Không ở MVP; có thể partition theo tenant_id/created_at khi dữ liệu lớn.,"Có — dùng deleted_at, không hard delete dữ liệu nghiệp vụ."
D08_COMMENT_CHAT_REALTIME,chat_message_mentions,P2,"Lưu dữ liệu nghiệp vụ cho chat message mentions; hỗ trợ audit, phân quyền tenant và mở rộng cấu hình theo project/organization.",Balanced,Không ở MVP; có thể partition theo tenant_id/created_at khi dữ liệu lớn.,"Có — dùng deleted_at, không hard delete dữ liệu nghiệp vụ."
D08_COMMENT_CHAT_REALTIME,chat_message_attachments,P2,"Lưu dữ liệu nghiệp vụ cho chat message attachments; hỗ trợ audit, phân quyền tenant và mở rộng cấu hình theo project/organization.",Balanced,Không ở MVP; có thể partition theo tenant_id/created_at khi dữ liệu lớn.,"Có — dùng deleted_at, không hard delete dữ liệu nghiệp vụ."
D08_COMMENT_CHAT_REALTIME,chat_message_task_links,P2,"Lưu dữ liệu nghiệp vụ cho chat message task links; hỗ trợ audit, phân quyền tenant và mở rộng cấu hình theo project/organization.",Balanced,Không ở MVP; có thể partition theo tenant_id/created_at khi dữ liệu lớn.,"Có — dùng deleted_at, không hard delete dữ liệu nghiệp vụ."
D08_COMMENT_CHAT_REALTIME,chat_message_edit_history,P2,"Lưu dữ liệu nghiệp vụ cho chat message edit history; hỗ trợ audit, phân quyền tenant và mở rộng cấu hình theo project/organization.",High Write,Có — partition theo created_at tháng/quý; tenant_id là sub-filter bắt buộc.,"Có — dùng deleted_at, không hard delete dữ liệu nghiệp vụ."
D08_COMMENT_CHAT_REALTIME,chat_message_read_receipts,P2,"Lưu dữ liệu nghiệp vụ cho chat message read receipts; hỗ trợ audit, phân quyền tenant và mở rộng cấu hình theo project/organization.",Balanced,Không ở MVP; có thể partition theo tenant_id/created_at khi dữ liệu lớn.,"Có — dùng deleted_at, không hard delete dữ liệu nghiệp vụ."
D08_COMMENT_CHAT_REALTIME,chat_direct_messages,P2,"Lưu dữ liệu nghiệp vụ cho chat direct messages; hỗ trợ audit, phân quyền tenant và mở rộng cấu hình theo project/organization.",High Write,Có — partition theo created_at tháng/quý; tenant_id là sub-filter bắt buộc.,"Có — dùng deleted_at, không hard delete dữ liệu nghiệp vụ."
D08_COMMENT_CHAT_REALTIME,chat_dm_participants,P2,"Lưu dữ liệu nghiệp vụ cho chat dm participants; hỗ trợ audit, phân quyền tenant và mở rộng cấu hình theo project/organization.",Balanced,Không ở MVP; có thể partition theo tenant_id/created_at khi dữ liệu lớn.,"Có — dùng deleted_at, không hard delete dữ liệu nghiệp vụ."
D08_COMMENT_CHAT_REALTIME,realtime_presence_sessions,P2,"Lưu dữ liệu nghiệp vụ cho realtime presence sessions; hỗ trợ audit, phân quyền tenant và mở rộng cấu hình theo project/organization.",High Write,Có — partition theo created_at tháng/quý; tenant_id là sub-filter bắt buộc.,"Có — dùng deleted_at, không hard delete dữ liệu nghiệp vụ."
D08_COMMENT_CHAT_REALTIME,realtime_typing_indicators,P2,"Lưu dữ liệu nghiệp vụ cho realtime typing indicators; hỗ trợ audit, phân quyền tenant và mở rộng cấu hình theo project/organization.",Balanced,Không ở MVP; có thể partition theo tenant_id/created_at khi dữ liệu lớn.,"Có — dùng deleted_at, không hard delete dữ liệu nghiệp vụ."
D09_MEETING_WIKI_FILE,wiki_spaces,P2,"Lưu dữ liệu nghiệp vụ cho wiki spaces; hỗ trợ audit, phân quyền tenant và mở rộng cấu hình theo project/organization.",Balanced,Không ở MVP; có thể partition theo tenant_id/created_at khi dữ liệu lớn.,"Có — dùng deleted_at, không hard delete dữ liệu nghiệp vụ."
D09_MEETING_WIKI_FILE,wiki_page_versions,P2,"Lưu dữ liệu nghiệp vụ cho wiki page versions; hỗ trợ audit, phân quyền tenant và mở rộng cấu hình theo project/organization.",Balanced,Không ở MVP; có thể partition theo tenant_id/created_at khi dữ liệu lớn.,"Có — dùng deleted_at, không hard delete dữ liệu nghiệp vụ."
D09_MEETING_WIKI_FILE,wiki_page_contents,P2,"Lưu dữ liệu nghiệp vụ cho wiki page contents; hỗ trợ audit, phân quyền tenant và mở rộng cấu hình theo project/organization.",Balanced,Không ở MVP; có thể partition theo tenant_id/created_at khi dữ liệu lớn.,"Có — dùng deleted_at, không hard delete dữ liệu nghiệp vụ."
D09_MEETING_WIKI_FILE,wiki_page_permissions,P2,"Lưu dữ liệu nghiệp vụ cho wiki page permissions; hỗ trợ audit, phân quyền tenant và mở rộng cấu hình theo project/organization.",High Read / Low Write,Không ở MVP; có thể partition theo tenant_id/created_at khi dữ liệu lớn.,"Có — dùng deleted_at, không hard delete dữ liệu nghiệp vụ."
D09_MEETING_WIKI_FILE,wiki_page_watchers,P2,"Lưu dữ liệu nghiệp vụ cho wiki page watchers; hỗ trợ audit, phân quyền tenant và mở rộng cấu hình theo project/organization.",Balanced,Không ở MVP; có thể partition theo tenant_id/created_at khi dữ liệu lớn.,"Có — dùng deleted_at, không hard delete dữ liệu nghiệp vụ."
D09_MEETING_WIKI_FILE,wiki_page_links,P2,"Lưu dữ liệu nghiệp vụ cho wiki page links; hỗ trợ audit, phân quyền tenant và mở rộng cấu hình theo project/organization.",Balanced,Không ở MVP; có thể partition theo tenant_id/created_at khi dữ liệu lớn.,"Có — dùng deleted_at, không hard delete dữ liệu nghiệp vụ."
D09_MEETING_WIKI_FILE,wiki_page_attachments,P2,"Lưu dữ liệu nghiệp vụ cho wiki page attachments; hỗ trợ audit, phân quyền tenant và mở rộng cấu hình theo project/organization.",Balanced,Không ở MVP; có thể partition theo tenant_id/created_at khi dữ liệu lớn.,"Có — dùng deleted_at, không hard delete dữ liệu nghiệp vụ."
D09_MEETING_WIKI_FILE,wiki_page_templates,P2,"Lưu dữ liệu nghiệp vụ cho wiki page templates; hỗ trợ audit, phân quyền tenant và mở rộng cấu hình theo project/organization.",High Read / Low Write,Không ở MVP; có thể partition theo tenant_id/created_at khi dữ liệu lớn.,"Có — dùng deleted_at, không hard delete dữ liệu nghiệp vụ."
D09_MEETING_WIKI_FILE,wiki_page_tags,P2,"Lưu dữ liệu nghiệp vụ cho wiki page tags; hỗ trợ audit, phân quyền tenant và mở rộng cấu hình theo project/organization.",Balanced,Không ở MVP; có thể partition theo tenant_id/created_at khi dữ liệu lớn.,"Có — dùng deleted_at, không hard delete dữ liệu nghiệp vụ."
D09_MEETING_WIKI_FILE,wiki_page_export_history,P2,"Lưu dữ liệu nghiệp vụ cho wiki page export history; hỗ trợ audit, phân quyền tenant và mở rộng cấu hình theo project/organization.",High Write,Có — partition theo created_at tháng/quý; tenant_id là sub-filter bắt buộc.,"Có — dùng deleted_at, không hard delete dữ liệu nghiệp vụ."
D09_MEETING_WIKI_FILE,file_versions,P2,"Lưu dữ liệu nghiệp vụ cho file versions; hỗ trợ audit, phân quyền tenant và mở rộng cấu hình theo project/organization.",Balanced,Không ở MVP; có thể partition theo tenant_id/created_at khi dữ liệu lớn.,"Có — dùng deleted_at, không hard delete dữ liệu nghiệp vụ."
